landmark_x,landmark_y,screen_x,screen_y
0.571779191493988,0.7024776935577393,386,632
0.5705218315124512,0.7037796974182129,742,661
0.5662440657615662,0.7028853893280029,954,661
0.564633846282959,0.7024030089378357,932,654
0.5641067028045654,0.7024565935134888,910,649
0.5639140009880066,0.7148501873016357,919,641
0.564875602722168,0.705544650554657,925,641
0.5643316507339478,0.7045911550521851,926,641
0.563076913356781,0.7047780752182007,927,641
0.5622251033782959,0.7031792998313904,1004,628
