landmark_x,landmark_y,screen_x,screen_y
0.468254953622818,0.6937147378921509,386,632
0.4670475423336029,0.6944829225540161,742,661
0.4621617794036865,0.6951807737350464,954,661
0.4600490629673004,0.696403980255127,932,654
0.45932596921920776,0.6953755617141724,910,649
0.4646684229373932,0.7072350978851318,919,641
0.4603884816169739,0.6976341009140015,925,641
0.459312379360199,0.6970933079719543,926,641
0.4583626985549927,0.6981315612792969,927,641
0.4574443995952606,0.6972460150718689,1004,628
